agency_cd,site_no,Date,q_cfs,X_00060_00003_cd,Site
USGS,06752260,2020-10-01,6.64,A,Lincoln
USGS,06752260,2020-10-02,7.41,A,Lincoln
USGS,06752260,2020-10-03,7.04,A,Lincoln
USGS,06752260,2020-10-04,6.84,A,Lincoln
USGS,06752260,2020-10-05,6.79,A,Lincoln
USGS,06752260,2020-10-06,7.81,A,Lincoln
USGS,06752260,2020-10-07,6.49,A,Lincoln
USGS,06752260,2020-10-08,11.3,A,Lincoln
USGS,06752260,2020-10-09,20.2,A,Lincoln
USGS,06752260,2020-10-10,15.2,A,Lincoln
USGS,06752260,2020-10-11,11.2,A,Lincoln
USGS,06752260,2020-10-12,11.8,A,Lincoln
USGS,06752260,2020-10-13,18.4,A,Lincoln
USGS,06752260,2020-10-14,19.9,A,Lincoln
USGS,06752260,2020-10-15,18.2,A,Lincoln
USGS,06752260,2020-10-16,10.2,A,Lincoln
USGS,06752260,2020-10-17,10.5,A,Lincoln
USGS,06752260,2020-10-18,9.69,A,Lincoln
USGS,06752260,2020-10-19,11.9,A,Lincoln
USGS,06752260,2020-10-20,11.3,A,Lincoln
USGS,06752260,2020-10-21,6.03,A,Lincoln
USGS,06752260,2020-10-22,6.19,A,Lincoln
USGS,06752260,2020-10-23,98.6,A,Lincoln
USGS,06752260,2020-10-24,327,A,Lincoln
USGS,06752260,2020-10-25,418,A,Lincoln
USGS,06752260,2020-10-26,395,A,Lincoln
USGS,06752260,2020-10-27,402,A,Lincoln
USGS,06752260,2020-10-28,419,A,Lincoln
USGS,06752260,2020-10-29,351,A,Lincoln
USGS,06752260,2020-10-30,191,A,Lincoln
USGS,06752260,2020-10-31,41.4,A,Lincoln
USGS,06752260,2020-11-01,9.83,A,Lincoln
USGS,06752260,2020-11-02,9.6,A,Lincoln
USGS,06752260,2020-11-03,8.64,A,Lincoln
USGS,06752260,2020-11-04,8.56,A,Lincoln
USGS,06752260,2020-11-05,8.82,A,Lincoln
USGS,06752260,2020-11-06,12.3,A,Lincoln
USGS,06752260,2020-11-07,11.5,A,Lincoln
USGS,06752260,2020-11-08,10.4,A,Lincoln
USGS,06752260,2020-11-09,11,A,Lincoln
USGS,06752260,2020-11-10,10.4,A,Lincoln
USGS,06752260,2020-11-11,10.3,A,Lincoln
USGS,06752260,2020-11-12,9.17,A,Lincoln
USGS,06752260,2020-11-13,8.74,A,Lincoln
USGS,06752260,2020-11-14,8.27,A,Lincoln
USGS,06752260,2020-11-15,8.02,A,Lincoln
USGS,06752260,2020-11-16,8.04,A,Lincoln
USGS,06752260,2020-11-17,7.97,A,Lincoln
USGS,06752260,2020-11-18,8.01,A,Lincoln
USGS,06752260,2020-11-19,8.92,A,Lincoln
USGS,06752260,2020-11-20,10.3,A,Lincoln
USGS,06752260,2020-11-21,10.1,A,Lincoln
USGS,06752260,2020-11-22,9.97,A,Lincoln
USGS,06752260,2020-11-23,10,A,Lincoln
USGS,06752260,2020-11-24,12.4,A,Lincoln
USGS,06752260,2020-11-25,10.2,A,Lincoln
USGS,06752260,2020-11-26,10.1,A,Lincoln
USGS,06752260,2020-11-27,9.9,A,Lincoln
USGS,06752260,2020-11-28,9.87,A,Lincoln
USGS,06752260,2020-11-29,9.51,A,Lincoln
USGS,06752260,2020-11-30,9.56,A,Lincoln
USGS,06752260,2020-12-01,15.5,A,Lincoln
USGS,06752260,2020-12-02,19.6,A,Lincoln
USGS,06752260,2020-12-03,20.4,A,Lincoln
USGS,06752260,2020-12-04,17.6,A,Lincoln
USGS,06752260,2020-12-05,20.9,A,Lincoln
USGS,06752260,2020-12-06,26.8,A,Lincoln
USGS,06752260,2020-12-07,34,A,Lincoln
USGS,06752260,2020-12-08,33.9,A,Lincoln
USGS,06752260,2020-12-09,36.2,A,Lincoln
USGS,06752260,2020-12-10,39.6,A,Lincoln
USGS,06752260,2020-12-11,44.7,A,Lincoln
USGS,06752260,2020-12-12,33.6,A,Lincoln
USGS,06752260,2020-12-13,28.8,A,Lincoln
USGS,06752260,2020-12-14,23.5,A e,Lincoln
USGS,06752260,2020-12-15,35.4,A,Lincoln
USGS,06752260,2020-12-16,30.1,A,Lincoln
USGS,06752260,2020-12-17,40.7,A,Lincoln
USGS,06752260,2020-12-18,39,A,Lincoln
USGS,06752260,2020-12-19,36.7,A,Lincoln
USGS,06752260,2020-12-20,32.9,A,Lincoln
USGS,06752260,2020-12-21,37.4,A,Lincoln
USGS,06752260,2020-12-22,42.5,A,Lincoln
USGS,06752260,2020-12-23,30.9,A e,Lincoln
USGS,06752260,2020-12-24,24.6,A e,Lincoln
USGS,06752260,2020-12-25,23.6,A e,Lincoln
USGS,06752260,2020-12-26,37,A,Lincoln
USGS,06752260,2020-12-27,39.9,A,Lincoln
USGS,06752260,2020-12-28,31.8,A,Lincoln
USGS,06752260,2020-12-29,32.1,A,Lincoln
USGS,06752260,2020-12-30,31.4,A e,Lincoln
USGS,06752260,2020-12-31,22.6,A e,Lincoln
USGS,06752260,2021-01-01,27.8,A,Lincoln
USGS,06752260,2021-01-02,33.9,A,Lincoln
USGS,06752260,2021-01-03,33.1,A,Lincoln
USGS,06752260,2021-01-04,29.4,A,Lincoln
USGS,06752260,2021-01-05,25.1,A,Lincoln
USGS,06752260,2021-01-06,23.4,A,Lincoln
USGS,06752260,2021-01-07,19.3,A,Lincoln
USGS,06752260,2021-01-08,16.2,A,Lincoln
USGS,06752260,2021-01-09,16,A,Lincoln
USGS,06752260,2021-01-10,16.9,A,Lincoln
USGS,06752260,2021-01-11,22.4,A,Lincoln
USGS,06752260,2021-01-12,19.9,A,Lincoln
USGS,06752260,2021-01-13,7.24,A,Lincoln
USGS,06752260,2021-01-14,22.9,A,Lincoln
USGS,06752260,2021-01-15,35,A,Lincoln
USGS,06752260,2021-01-16,15,A,Lincoln
USGS,06752260,2021-01-17,14.4,A,Lincoln
USGS,06752260,2021-01-18,17.7,A,Lincoln
USGS,06752260,2021-01-19,17.7,A,Lincoln
USGS,06752260,2021-01-20,18.9,A,Lincoln
USGS,06752260,2021-01-21,18.5,A,Lincoln
USGS,06752260,2021-01-22,20.6,A,Lincoln
USGS,06752260,2021-01-23,20.8,A,Lincoln
USGS,06752260,2021-01-24,22.5,A,Lincoln
USGS,06752260,2021-01-25,21.8,A,Lincoln
USGS,06752260,2021-01-26,21.2,A,Lincoln
USGS,06752260,2021-01-27,21.3,A e,Lincoln
USGS,06752260,2021-01-28,25.1,A e,Lincoln
USGS,06752260,2021-01-29,31.2,A e,Lincoln
USGS,06752260,2021-01-30,29.3,A,Lincoln
USGS,06752260,2021-01-31,27.5,A,Lincoln
USGS,06752260,2021-02-01,26.2,A,Lincoln
USGS,06752260,2021-02-02,28.3,A,Lincoln
USGS,06752260,2021-02-03,30.5,A,Lincoln
USGS,06752260,2021-02-04,30.8,A,Lincoln
USGS,06752260,2021-02-05,26.2,A,Lincoln
USGS,06752260,2021-02-06,27.7,A,Lincoln
USGS,06752260,2021-02-07,28.9,A,Lincoln
USGS,06752260,2021-02-08,24.5,A,Lincoln
USGS,06752260,2021-02-09,18.9,A e,Lincoln
USGS,06752260,2021-02-10,20.3,A e,Lincoln
USGS,06752260,2021-02-11,21.6,A e,Lincoln
USGS,06752260,2021-02-12,26.8,A e,Lincoln
USGS,06752260,2021-02-13,28.1,A e,Lincoln
USGS,06752260,2021-02-14,27.2,A e,Lincoln
USGS,06752260,2021-02-15,27.2,A e,Lincoln
USGS,06752260,2021-02-16,30.3,A,Lincoln
USGS,06752260,2021-02-17,37.9,A,Lincoln
USGS,06752260,2021-02-18,54.5,A,Lincoln
USGS,06752260,2021-02-19,52.3,A,Lincoln
USGS,06752260,2021-02-20,45.8,A,Lincoln
USGS,06752260,2021-02-21,36.5,A,Lincoln
USGS,06752260,2021-02-22,28.3,A,Lincoln
USGS,06752260,2021-02-23,29.4,A,Lincoln
USGS,06752260,2021-02-24,36.3,A,Lincoln
USGS,06752260,2021-02-25,34,A,Lincoln
USGS,06752260,2021-02-26,34.8,A,Lincoln
USGS,06752260,2021-02-27,33.1,A,Lincoln
USGS,06752260,2021-02-28,34.2,A,Lincoln
USGS,06752260,2021-03-01,20.4,A,Lincoln
USGS,06752260,2021-03-02,10.4,A,Lincoln
USGS,06752260,2021-03-03,7.01,A,Lincoln
USGS,06752260,2021-03-04,7.1,A,Lincoln
USGS,06752260,2021-03-05,7.15,A,Lincoln
USGS,06752260,2021-03-06,7.4,A,Lincoln
USGS,06752260,2021-03-07,7.51,A,Lincoln
USGS,06752260,2021-03-08,7.56,A,Lincoln
USGS,06752260,2021-03-09,7.35,A,Lincoln
USGS,06752260,2021-03-10,7.89,A,Lincoln
USGS,06752260,2021-03-11,11.6,A,Lincoln
USGS,06752260,2021-03-12,15.2,A,Lincoln
USGS,06752260,2021-03-13,21.8,A,Lincoln
USGS,06752260,2021-03-14,32.3,A,Lincoln
USGS,06752260,2021-03-15,40.8,A,Lincoln
USGS,06752260,2021-03-16,17,A,Lincoln
USGS,06752260,2021-03-17,30.2,A,Lincoln
USGS,06752260,2021-03-18,24.7,A,Lincoln
USGS,06752260,2021-03-19,19.7,A,Lincoln
USGS,06752260,2021-03-20,33.1,A,Lincoln
USGS,06752260,2021-03-21,45.7,A,Lincoln
USGS,06752260,2021-03-22,35.8,A,Lincoln
USGS,06752260,2021-03-23,34.7,A,Lincoln
USGS,06752260,2021-03-24,41.9,A,Lincoln
USGS,06752260,2021-03-25,32.4,A,Lincoln
USGS,06752260,2021-03-26,25.6,A,Lincoln
USGS,06752260,2021-03-27,22.4,A,Lincoln
USGS,06752260,2021-03-28,20.6,A,Lincoln
USGS,06752260,2021-03-29,35.2,A,Lincoln
USGS,06752260,2021-03-30,50.6,A,Lincoln
USGS,06752260,2021-03-31,20.9,A,Lincoln
USGS,06752260,2021-04-01,17.9,A,Lincoln
USGS,06752260,2021-04-02,16.2,A,Lincoln
USGS,06752260,2021-04-03,15.6,A,Lincoln
USGS,06752260,2021-04-04,16.5,A,Lincoln
USGS,06752260,2021-04-05,17.8,A,Lincoln
USGS,06752260,2021-04-06,19.1,A,Lincoln
USGS,06752260,2021-04-07,20.4,A,Lincoln
USGS,06752260,2021-04-08,23.1,A,Lincoln
USGS,06752260,2021-04-09,16.6,A,Lincoln
USGS,06752260,2021-04-10,15.2,A,Lincoln
USGS,06752260,2021-04-11,15.7,A,Lincoln
USGS,06752260,2021-04-12,15.7,A,Lincoln
USGS,06752260,2021-04-13,14.8,A,Lincoln
USGS,06752260,2021-04-14,15.1,A,Lincoln
USGS,06752260,2021-04-15,16.8,A,Lincoln
USGS,06752260,2021-04-16,19.6,A,Lincoln
USGS,06752260,2021-04-17,18.1,A,Lincoln
USGS,06752260,2021-04-18,17.4,A,Lincoln
USGS,06752260,2021-04-19,19.3,A,Lincoln
USGS,06752260,2021-04-20,18.8,A,Lincoln
USGS,06752260,2021-04-21,17.5,A,Lincoln
USGS,06752260,2021-04-22,18.5,A,Lincoln
USGS,06752260,2021-04-23,20.7,A,Lincoln
USGS,06752260,2021-04-24,20.3,A,Lincoln
USGS,06752260,2021-04-25,20.9,A,Lincoln
USGS,06752260,2021-04-26,21.6,A,Lincoln
USGS,06752260,2021-04-27,22.6,A,Lincoln
USGS,06752260,2021-04-28,24.9,A,Lincoln
USGS,06752260,2021-04-29,79.9,A,Lincoln
USGS,06752260,2021-04-30,236,A,Lincoln
USGS,06752260,2021-05-01,580,A,Lincoln
USGS,06752260,2021-05-02,689,A,Lincoln
USGS,06752260,2021-05-03,1100,A,Lincoln
USGS,06752260,2021-05-04,1430,A,Lincoln
USGS,06752260,2021-05-05,1410,A,Lincoln
USGS,06752260,2021-05-06,1300,A,Lincoln
USGS,06752260,2021-05-07,1340,A,Lincoln
USGS,06752260,2021-05-08,1460,A,Lincoln
USGS,06752260,2021-05-09,1570,A,Lincoln
USGS,06752260,2021-05-10,1370,A,Lincoln
USGS,06752260,2021-05-11,1250,A,Lincoln
USGS,06752260,2021-05-12,1150,A,Lincoln
USGS,06752260,2021-05-13,1170,A,Lincoln
USGS,06752260,2021-05-14,931,A,Lincoln
USGS,06752260,2021-05-15,1030,A,Lincoln
USGS,06752260,2021-05-16,1130,A,Lincoln
USGS,06752260,2021-05-17,1250,A,Lincoln
USGS,06752260,2021-05-18,1270,A,Lincoln
USGS,06752260,2021-05-19,1610,A,Lincoln
USGS,06752260,2021-05-20,1160,A,Lincoln
USGS,06752260,2021-05-21,1400,A,Lincoln
USGS,06752260,2021-05-22,1400,A,Lincoln
USGS,06752260,2021-05-23,2320,A,Lincoln
USGS,06752260,2021-05-24,1650,A,Lincoln
USGS,06752260,2021-05-25,1200,A,Lincoln
USGS,06752260,2021-05-26,1120,A,Lincoln
USGS,06752260,2021-05-27,865,A,Lincoln
USGS,06752260,2021-05-28,957,A,Lincoln
USGS,06752260,2021-05-29,974,A,Lincoln
USGS,06752260,2021-05-30,1000,A,Lincoln
USGS,06752260,2021-05-31,978,A,Lincoln
USGS,06752260,2021-06-01,975,A,Lincoln
USGS,06752260,2021-06-02,864,A,Lincoln
USGS,06752260,2021-06-03,866,A,Lincoln
USGS,06752260,2021-06-04,1070,A,Lincoln
USGS,06752260,2021-06-05,1300,A,Lincoln
USGS,06752260,2021-06-06,1460,A,Lincoln
USGS,06752260,2021-06-07,1600,A,Lincoln
USGS,06752260,2021-06-08,1580,A,Lincoln
USGS,06752260,2021-06-09,1420,A,Lincoln
USGS,06752260,2021-06-10,1180,A,Lincoln
USGS,06752260,2021-06-11,958,A,Lincoln
USGS,06752260,2021-06-12,627,A,Lincoln
USGS,06752260,2021-06-13,500,A,Lincoln
USGS,06752260,2021-06-14,419,A,Lincoln
USGS,06752260,2021-06-15,429,A,Lincoln
USGS,06752260,2021-06-16,473,A,Lincoln
USGS,06752260,2021-06-17,274,A,Lincoln
USGS,06752260,2021-06-18,238,A,Lincoln
USGS,06752260,2021-06-19,234,A,Lincoln
USGS,06752260,2021-06-20,288,A,Lincoln
USGS,06752260,2021-06-21,298,A,Lincoln
USGS,06752260,2021-06-22,308,A,Lincoln
USGS,06752260,2021-06-23,267,A,Lincoln
USGS,06752260,2021-06-24,233,A,Lincoln
USGS,06752260,2021-06-25,403,A,Lincoln
USGS,06752260,2021-06-26,554,A,Lincoln
USGS,06752260,2021-06-27,412,A,Lincoln
USGS,06752260,2021-06-28,237,A,Lincoln
USGS,06752260,2021-06-29,138,A,Lincoln
USGS,06752260,2021-06-30,130,A,Lincoln
USGS,06752260,2021-07-01,290,A,Lincoln
USGS,06752260,2021-07-02,189,A,Lincoln
USGS,06752260,2021-07-03,57.2,A,Lincoln
USGS,06752260,2021-07-04,101,A,Lincoln
USGS,06752260,2021-07-05,254,A,Lincoln
USGS,06752260,2021-07-06,225,A,Lincoln
USGS,06752260,2021-07-07,130,A,Lincoln
USGS,06752260,2021-07-08,24.5,A,Lincoln
USGS,06752260,2021-07-09,143,A,Lincoln
USGS,06752260,2021-07-10,212,A,Lincoln
USGS,06752260,2021-07-11,83.9,A,Lincoln
USGS,06752260,2021-07-12,37.7,A,Lincoln
USGS,06752260,2021-07-13,30.2,A,Lincoln
USGS,06752260,2021-07-14,43,A,Lincoln
USGS,06752260,2021-07-15,63.7,A,Lincoln
USGS,06752260,2021-07-16,76.1,A,Lincoln
USGS,06752260,2021-07-17,116,A,Lincoln
USGS,06752260,2021-07-18,75,A,Lincoln
USGS,06752260,2021-07-19,31.2,A,Lincoln
USGS,06752260,2021-07-20,30.6,A,Lincoln
USGS,06752260,2021-07-21,179,A,Lincoln
USGS,06752260,2021-07-22,52.7,A,Lincoln
USGS,06752260,2021-07-23,156,A,Lincoln
USGS,06752260,2021-07-24,194,A,Lincoln
USGS,06752260,2021-07-25,139,A,Lincoln
USGS,06752260,2021-07-26,94.5,A,Lincoln
USGS,06752260,2021-07-27,67.1,A,Lincoln
USGS,06752260,2021-07-28,42.3,A,Lincoln
USGS,06752260,2021-07-29,56.6,A,Lincoln
USGS,06752260,2021-07-30,79.7,A,Lincoln
USGS,06752260,2021-07-31,191,A,Lincoln
USGS,06752260,2021-08-01,196,A,Lincoln
USGS,06752260,2021-08-02,74.9,A,Lincoln
USGS,06752260,2021-08-03,178,A,Lincoln
USGS,06752260,2021-08-04,320,A,Lincoln
USGS,06752260,2021-08-05,76.7,A,Lincoln
USGS,06752260,2021-08-06,107,A,Lincoln
USGS,06752260,2021-08-07,276,A,Lincoln
USGS,06752260,2021-08-08,170,A,Lincoln
USGS,06752260,2021-08-09,92.9,A,Lincoln
USGS,06752260,2021-08-10,79.7,A,Lincoln
USGS,06752260,2021-08-11,46.4,A,Lincoln
USGS,06752260,2021-08-12,54.7,A,Lincoln
USGS,06752260,2021-08-13,48.6,A,Lincoln
USGS,06752260,2021-08-14,48.2,A,Lincoln
USGS,06752260,2021-08-15,51,A,Lincoln
USGS,06752260,2021-08-16,30,A,Lincoln
USGS,06752260,2021-08-17,44.1,A,Lincoln
USGS,06752260,2021-08-18,31.8,A,Lincoln
USGS,06752260,2021-08-19,35.8,A,Lincoln
USGS,06752260,2021-08-20,85.3,A,Lincoln
USGS,06752260,2021-08-21,75.1,A,Lincoln
USGS,06752260,2021-08-22,61.9,A,Lincoln
USGS,06752260,2021-08-23,21.8,A,Lincoln
USGS,06752260,2021-08-24,26.3,A,Lincoln
USGS,06752260,2021-08-25,28.2,A,Lincoln
USGS,06752260,2021-08-26,26.9,A,Lincoln
USGS,06752260,2021-08-27,23.5,A,Lincoln
USGS,06752260,2021-08-28,29.2,A,Lincoln
USGS,06752260,2021-08-29,13.6,A,Lincoln
USGS,06752260,2021-08-30,1.31,A,Lincoln
USGS,06752260,2021-08-31,7.71,A,Lincoln
USGS,06752260,2021-09-01,6.92,A,Lincoln
USGS,06752260,2021-09-02,23.5,A,Lincoln
USGS,06752260,2021-09-03,26.1,A,Lincoln
USGS,06752260,2021-09-04,31,A,Lincoln
USGS,06752260,2021-09-05,15,A,Lincoln
USGS,06752260,2021-09-06,9.05,A,Lincoln
USGS,06752260,2021-09-07,8.98,A,Lincoln
USGS,06752260,2021-09-08,8.65,A,Lincoln
USGS,06752260,2021-09-09,8.27,A,Lincoln
USGS,06752260,2021-09-10,7.74,A,Lincoln
USGS,06752260,2021-09-11,5.51,A,Lincoln
USGS,06752260,2021-09-12,6.29,A,Lincoln
USGS,06752260,2021-09-13,7.55,A,Lincoln
USGS,06752260,2021-09-14,9.54,A,Lincoln
USGS,06752260,2021-09-15,9.3,A,Lincoln
USGS,06752260,2021-09-16,8.53,A,Lincoln
USGS,06752260,2021-09-17,8.05,A,Lincoln
USGS,06752260,2021-09-18,7.94,A,Lincoln
USGS,06752260,2021-09-19,7.55,A,Lincoln
USGS,06752260,2021-09-20,7,A,Lincoln
USGS,06752260,2021-09-21,7.51,A,Lincoln
USGS,06752260,2021-09-22,7.03,A,Lincoln
USGS,06752260,2021-09-23,5.9,A,Lincoln
USGS,06752260,2021-09-24,5.67,A,Lincoln
USGS,06752260,2021-09-25,14.7,A,Lincoln
USGS,06752260,2021-09-26,13.6,A,Lincoln
USGS,06752260,2021-09-27,10.6,A,Lincoln
USGS,06752260,2021-09-28,10.2,A,Lincoln
USGS,06752260,2021-09-29,17.1,A,Lincoln
USGS,06752260,2021-09-30,32.7,A,Lincoln
USGS,06752260,2021-10-01,24.3,A,Lincoln
USGS,06752260,2021-10-02,23.7,A,Lincoln
USGS,06752260,2021-10-03,17.2,A,Lincoln
USGS,06752260,2021-10-04,14.7,A,Lincoln
USGS,06752260,2021-10-05,12.3,A,Lincoln
USGS,06752260,2021-10-06,16.1,A,Lincoln
USGS,06752260,2021-10-07,15,A R,Lincoln
USGS,06752260,2021-10-08,19.6,A R,Lincoln
USGS,06752260,2021-10-09,17.8,A R,Lincoln
USGS,06752260,2021-10-10,19.3,A R,Lincoln
USGS,06752260,2021-10-11,36,A R,Lincoln
USGS,06752260,2021-10-12,39.4,A R,Lincoln
USGS,06752260,2021-10-13,40.5,A R,Lincoln
USGS,06752260,2021-10-14,33,A R,Lincoln
USGS,06752260,2021-10-15,28.1,A R,Lincoln
USGS,06752260,2021-10-16,24,A R,Lincoln
USGS,06752260,2021-10-17,19.2,A R,Lincoln
USGS,06752260,2021-10-18,18.1,A R,Lincoln
USGS,06752260,2021-10-19,16.3,A R,Lincoln
USGS,06752260,2021-10-20,17.9,A R,Lincoln
USGS,06752260,2021-10-21,17.4,A R,Lincoln
USGS,06752260,2021-10-22,18,A R,Lincoln
USGS,06752260,2021-10-23,19.2,A R,Lincoln
USGS,06752260,2021-10-24,19.1,A R,Lincoln
USGS,06752260,2021-10-25,19.3,A R,Lincoln
USGS,06752260,2021-10-26,19.5,A R,Lincoln
USGS,06752260,2021-10-27,19.7,A R,Lincoln
USGS,06752260,2021-10-28,20.6,A R,Lincoln
USGS,06752260,2021-10-29,17.5,A R,Lincoln
USGS,06752260,2021-10-30,67.1,A R,Lincoln
USGS,06752260,2021-10-31,102,A R,Lincoln
USGS,06752260,2021-11-01,107,A R,Lincoln
USGS,06752260,2021-11-02,91.4,A R,Lincoln
USGS,06752260,2021-11-03,60.7,A R,Lincoln
USGS,06752260,2021-11-04,52.8,A R,Lincoln
USGS,06752260,2021-11-05,45.1,A R,Lincoln
USGS,06752260,2021-11-06,39.9,A R,Lincoln
USGS,06752260,2021-11-07,39.2,A R,Lincoln
USGS,06752260,2021-11-08,39.2,A R,Lincoln
USGS,06752260,2021-11-09,39.3,A R,Lincoln
USGS,06752260,2021-11-10,39.6,A R,Lincoln
USGS,06752260,2021-11-11,38.6,A R,Lincoln
USGS,06752260,2021-11-12,36.5,A R,Lincoln
USGS,06752260,2021-11-13,37.7,A R,Lincoln
USGS,06752260,2021-11-14,35.2,A R,Lincoln
USGS,06752260,2021-11-15,34.5,A R,Lincoln
USGS,06752260,2021-11-16,33.7,A R,Lincoln
USGS,06752260,2021-11-17,33.3,A R,Lincoln
USGS,06752260,2021-11-18,33.6,A R,Lincoln
USGS,06752260,2021-11-19,32.4,A R,Lincoln
USGS,06752260,2021-11-20,25.5,A R,Lincoln
USGS,06752260,2021-11-21,24,A R,Lincoln
USGS,06752260,2021-11-22,23.7,A R,Lincoln
USGS,06752260,2021-11-23,23.5,A R,Lincoln
USGS,06752260,2021-11-24,20.2,A R,Lincoln
USGS,06752260,2021-11-25,20.1,A R,Lincoln
USGS,06752260,2021-11-26,20,A R,Lincoln
USGS,06752260,2021-11-27,21.5,A R,Lincoln
USGS,06752260,2021-11-28,21,A R,Lincoln
USGS,06752260,2021-11-29,22.9,A R,Lincoln
USGS,06752260,2021-11-30,24.5,A R,Lincoln
USGS,06752260,2021-12-01,23.8,A e,Lincoln
USGS,06752260,2021-12-02,28.8,A R,Lincoln
USGS,06752260,2021-12-03,46,A R,Lincoln
USGS,06752260,2021-12-04,49.1,A R,Lincoln
USGS,06752260,2021-12-05,50.4,A R,Lincoln
USGS,06752260,2021-12-06,49.1,A R,Lincoln
USGS,06752260,2021-12-07,31.3,A R,Lincoln
USGS,06752260,2021-12-08,35.4,A R,Lincoln
USGS,06752260,2021-12-09,52.2,A R,Lincoln
USGS,06752260,2021-12-10,55,A R,Lincoln
USGS,06752260,2021-12-11,32.6,A R,Lincoln
USGS,06752260,2021-12-12,25,A R,Lincoln
USGS,06752260,2021-12-13,24.4,A R,Lincoln
USGS,06752260,2021-12-14,39.8,A R,Lincoln
USGS,06752260,2021-12-15,55.6,A R,Lincoln
USGS,06752260,2021-12-16,45.5,A R,Lincoln
USGS,06752260,2021-12-17,25.4,A e,Lincoln
USGS,06752260,2021-12-18,29.5,A e,Lincoln
USGS,06752260,2021-12-19,27,A e,Lincoln
USGS,06752260,2021-12-20,26.9,A R,Lincoln
USGS,06752260,2021-12-21,42.9,A R,Lincoln
USGS,06752260,2021-12-22,51.2,A R,Lincoln
USGS,06752260,2021-12-23,50.4,A R,Lincoln
USGS,06752260,2021-12-24,58.3,A R,Lincoln
USGS,06752260,2021-12-25,52.1,A R,Lincoln
USGS,06752260,2021-12-26,43.2,A R,Lincoln
USGS,06752260,2021-12-27,44,A R,Lincoln
USGS,06752260,2021-12-28,44,A R,Lincoln
USGS,06752260,2021-12-29,42.4,A e,Lincoln
USGS,06752260,2021-12-30,46.8,A e,Lincoln
USGS,06752260,2021-12-31,38.2,A R,Lincoln
USGS,06752260,2022-01-01,54.7,A R,Lincoln
USGS,06752260,2022-01-02,55.6,A e,Lincoln
USGS,06752260,2022-01-03,61.8,A R,Lincoln
USGS,06752260,2022-01-04,73.4,A R,Lincoln
USGS,06752260,2022-01-05,70.9,A R,Lincoln
USGS,06752260,2022-01-06,65.7,A R,Lincoln
USGS,06752260,2022-01-07,65.7,A R,Lincoln
USGS,06752260,2022-01-08,80.1,A R,Lincoln
USGS,06752260,2022-01-09,70.9,A R,Lincoln
USGS,06752260,2022-01-10,66.1,A R,Lincoln
USGS,06752260,2022-01-11,63.6,A R,Lincoln
USGS,06752260,2022-01-12,67.3,A R,Lincoln
USGS,06752260,2022-01-13,63.2,A R,Lincoln
USGS,06752260,2022-01-14,53.7,A R,Lincoln
USGS,06752260,2022-01-15,49.8,A R,Lincoln
USGS,06752260,2022-01-16,46.9,A R,Lincoln
USGS,06752260,2022-01-17,46.8,A R,Lincoln
USGS,06752260,2022-01-18,45.6,A R,Lincoln
USGS,06752260,2022-01-19,44.2,A R,Lincoln
USGS,06752260,2022-01-20,42.5,A R,Lincoln
USGS,06752260,2022-01-21,51.2,A R,Lincoln
USGS,06752260,2022-01-22,56.1,A R,Lincoln
USGS,06752260,2022-01-23,52.8,A R,Lincoln
USGS,06752260,2022-01-24,55.5,A R,Lincoln
USGS,06752260,2022-01-25,55.5,A R,Lincoln
USGS,06752260,2022-01-26,50.9,A R,Lincoln
USGS,06752260,2022-01-27,55.1,A R,Lincoln
USGS,06752260,2022-01-28,51.3,A R,Lincoln
USGS,06752260,2022-01-29,67.1,A R,Lincoln
USGS,06752260,2022-01-30,54.4,A R,Lincoln
USGS,06752260,2022-01-31,53.6,A R,Lincoln
USGS,06752260,2022-02-01,52.5,A R,Lincoln
USGS,06752260,2022-02-02,43.8,A R,Lincoln
USGS,06752260,2022-02-03,46.4,A e,Lincoln
USGS,06752260,2022-02-04,54.4,A e,Lincoln
USGS,06752260,2022-02-05,74.6,A R,Lincoln
USGS,06752260,2022-02-06,64.7,A R,Lincoln
USGS,06752260,2022-02-07,69,A R,Lincoln
USGS,06752260,2022-02-08,53.8,A R,Lincoln
USGS,06752260,2022-02-09,53.8,A R,Lincoln
USGS,06752260,2022-02-10,49.6,A R,Lincoln
USGS,06752260,2022-02-11,50.3,A R,Lincoln
USGS,06752260,2022-02-12,47,A R,Lincoln
USGS,06752260,2022-02-13,50,A R,Lincoln
USGS,06752260,2022-02-14,52.8,A R,Lincoln
USGS,06752260,2022-02-15,56.1,A R,Lincoln
USGS,06752260,2022-02-16,56.4,A R,Lincoln
USGS,06752260,2022-02-17,51.7,A R,Lincoln
USGS,06752260,2022-02-18,51.9,A R,Lincoln
USGS,06752260,2022-02-19,50.3,A R,Lincoln
USGS,06752260,2022-02-20,53.1,A R,Lincoln
USGS,06752260,2022-02-21,51.5,A R,Lincoln
USGS,06752260,2022-02-22,48.7,A R,Lincoln
USGS,06752260,2022-02-23,45.8,A R,Lincoln
USGS,06752260,2022-02-24,48.6,A e,Lincoln
USGS,06752260,2022-02-25,55.2,A e,Lincoln
USGS,06752260,2022-02-26,71.5,A e,Lincoln
USGS,06752260,2022-02-27,79.7,A R,Lincoln
USGS,06752260,2022-02-28,67.1,A R,Lincoln
USGS,06752260,2022-03-01,63.5,A R,Lincoln
USGS,06752260,2022-03-02,69.2,A R,Lincoln
USGS,06752260,2022-03-03,51.1,A R,Lincoln
USGS,06752260,2022-03-04,13.2,A R,Lincoln
USGS,06752260,2022-03-05,14.3,A R,Lincoln
USGS,06752260,2022-03-06,12.5,A R,Lincoln
USGS,06752260,2022-03-07,10.6,A R,Lincoln
USGS,06752260,2022-03-08,10.7,A R,Lincoln
USGS,06752260,2022-03-09,10.9,A R,Lincoln
USGS,06752260,2022-03-10,9.61,A e,Lincoln
USGS,06752260,2022-03-11,8.28,A e,Lincoln
USGS,06752260,2022-03-12,9.28,A R,Lincoln
USGS,06752260,2022-03-13,10.5,A R,Lincoln
USGS,06752260,2022-03-14,10.8,A R,Lincoln
USGS,06752260,2022-03-15,10.2,A R,Lincoln
USGS,06752260,2022-03-16,9.96,A R,Lincoln
USGS,06752260,2022-03-17,10.8,A R,Lincoln
USGS,06752260,2022-03-18,8.86,A R,Lincoln
USGS,06752260,2022-03-19,8.21,A R,Lincoln
USGS,06752260,2022-03-20,8.58,A R,Lincoln
USGS,06752260,2022-03-21,8.28,A R,Lincoln
USGS,06752260,2022-03-22,7.99,A R,Lincoln
USGS,06752260,2022-03-23,7.41,A R,Lincoln
USGS,06752260,2022-03-24,7.05,A R,Lincoln
USGS,06752260,2022-03-25,7.4,A R,Lincoln
USGS,06752260,2022-03-26,7.52,A,Lincoln
USGS,06752260,2022-03-27,7.86,A,Lincoln
USGS,06752260,2022-03-28,8.47,A,Lincoln
USGS,06752260,2022-03-29,8.5,A,Lincoln
USGS,06752260,2022-03-30,7.48,A,Lincoln
USGS,06752260,2022-03-31,6.31,A,Lincoln
USGS,06752260,2022-04-01,7.71,A,Lincoln
USGS,06752260,2022-04-02,12.8,A,Lincoln
USGS,06752260,2022-04-03,12.6,A,Lincoln
USGS,06752260,2022-04-04,13.1,A,Lincoln
USGS,06752260,2022-04-05,12.6,A,Lincoln
USGS,06752260,2022-04-06,13,A,Lincoln
USGS,06752260,2022-04-07,11.7,A,Lincoln
USGS,06752260,2022-04-08,12.2,A,Lincoln
USGS,06752260,2022-04-09,12.5,A,Lincoln
USGS,06752260,2022-04-10,13.1,A,Lincoln
USGS,06752260,2022-04-11,13,A,Lincoln
USGS,06752260,2022-04-12,12.6,A,Lincoln
USGS,06752260,2022-04-13,12.5,A,Lincoln
USGS,06752260,2022-04-14,11.7,A,Lincoln
USGS,06752260,2022-04-15,11.3,A,Lincoln
USGS,06752260,2022-04-16,11.8,A,Lincoln
USGS,06752260,2022-04-17,10.9,A,Lincoln
USGS,06752260,2022-04-18,10.8,A,Lincoln
USGS,06752260,2022-04-19,10.6,A,Lincoln
USGS,06752260,2022-04-20,11.3,A,Lincoln
USGS,06752260,2022-04-21,17.6,A,Lincoln
USGS,06752260,2022-04-22,35.3,A,Lincoln
USGS,06752260,2022-04-23,37.6,A,Lincoln
USGS,06752260,2022-04-24,32.2,A,Lincoln
USGS,06752260,2022-04-25,48.3,A,Lincoln
USGS,06752260,2022-04-26,89.6,A,Lincoln
USGS,06752260,2022-04-27,141,A,Lincoln
USGS,06752260,2022-04-28,234,A,Lincoln
USGS,06752260,2022-04-29,116,A,Lincoln
USGS,06752260,2022-04-30,87.9,A,Lincoln
USGS,06752260,2022-05-01,31.1,A,Lincoln
USGS,06752260,2022-05-02,40,A,Lincoln
USGS,06752260,2022-05-03,20.4,A,Lincoln
USGS,06752260,2022-05-04,31.9,A,Lincoln
USGS,06752260,2022-05-05,8.19,A,Lincoln
USGS,06752260,2022-05-06,1.58,A,Lincoln
USGS,06752260,2022-05-07,20.9,A,Lincoln
USGS,06752260,2022-05-08,133,A,Lincoln
USGS,06752260,2022-05-09,110,A,Lincoln
USGS,06752260,2022-05-10,43,A,Lincoln
USGS,06752260,2022-05-11,394,A,Lincoln
USGS,06752260,2022-05-12,423,A,Lincoln
USGS,06752260,2022-05-13,205,A,Lincoln
USGS,06752260,2022-05-14,214,A,Lincoln
USGS,06752260,2022-05-15,407,A,Lincoln
USGS,06752260,2022-05-16,717,A,Lincoln
USGS,06752260,2022-05-17,531,A,Lincoln
USGS,06752260,2022-05-18,657,A,Lincoln
USGS,06752260,2022-05-19,1070,A,Lincoln
USGS,06752260,2022-05-20,1010,A,Lincoln
USGS,06752260,2022-05-21,446,A,Lincoln
USGS,06752260,2022-05-22,186,A,Lincoln
USGS,06752260,2022-05-23,188,A,Lincoln
USGS,06752260,2022-05-24,128,A,Lincoln
USGS,06752260,2022-05-25,34.7,A,Lincoln
USGS,06752260,2022-05-26,123,A,Lincoln
USGS,06752260,2022-05-27,206,A,Lincoln
USGS,06752260,2022-05-28,210,A,Lincoln
USGS,06752260,2022-05-29,297,A,Lincoln
USGS,06752260,2022-05-30,199,A,Lincoln
USGS,06752260,2022-05-31,58.6,A,Lincoln
USGS,06752260,2022-06-01,28.6,A,Lincoln
USGS,06752260,2022-06-02,209,A,Lincoln
USGS,06752260,2022-06-03,453,A,Lincoln
USGS,06752260,2022-06-04,594,A,Lincoln
USGS,06752260,2022-06-05,536,A,Lincoln
USGS,06752260,2022-06-06,609,A,Lincoln
USGS,06752260,2022-06-07,903,A,Lincoln
USGS,06752260,2022-06-08,835,A,Lincoln
USGS,06752260,2022-06-09,832,A,Lincoln
USGS,06752260,2022-06-10,1130,A,Lincoln
USGS,06752260,2022-06-11,1260,A,Lincoln
USGS,06752260,2022-06-12,1680,A,Lincoln
USGS,06752260,2022-06-13,1300,A,Lincoln
USGS,06752260,2022-06-14,901,A,Lincoln
USGS,06752260,2022-06-15,495,A,Lincoln
USGS,06752260,2022-06-16,225,A,Lincoln
USGS,06752260,2022-06-17,272,A,Lincoln
USGS,06752260,2022-06-18,590,A,Lincoln
USGS,06752260,2022-06-19,454,A,Lincoln
USGS,06752260,2022-06-20,292,A,Lincoln
USGS,06752260,2022-06-21,148,A,Lincoln
USGS,06752260,2022-06-22,183,A,Lincoln
USGS,06752260,2022-06-23,157,A,Lincoln
USGS,06752260,2022-06-24,151,A,Lincoln
USGS,06752260,2022-06-25,303,A,Lincoln
USGS,06752260,2022-06-26,224,A,Lincoln
USGS,06752260,2022-06-27,251,A,Lincoln
USGS,06752260,2022-06-28,150,A,Lincoln
USGS,06752260,2022-06-29,81.9,A,Lincoln
USGS,06752260,2022-06-30,75.3,A,Lincoln
USGS,06752260,2022-07-01,85.5,A,Lincoln
USGS,06752260,2022-07-02,29.6,A,Lincoln
USGS,06752260,2022-07-03,44.3,A,Lincoln
USGS,06752260,2022-07-04,187,A,Lincoln
USGS,06752260,2022-07-05,109,A,Lincoln
USGS,06752260,2022-07-06,167,A,Lincoln
USGS,06752260,2022-07-07,131,A,Lincoln
USGS,06752260,2022-07-08,140,A,Lincoln
USGS,06752260,2022-07-09,151,A,Lincoln
USGS,06752260,2022-07-10,149,A,Lincoln
USGS,06752260,2022-07-11,128,A,Lincoln
USGS,06752260,2022-07-12,119,A,Lincoln
USGS,06752260,2022-07-13,94.3,A,Lincoln
USGS,06752260,2022-07-14,94.2,A,Lincoln
USGS,06752260,2022-07-15,139,A,Lincoln
USGS,06752260,2022-07-16,274,A,Lincoln
USGS,06752260,2022-07-17,161,A,Lincoln
USGS,06752260,2022-07-18,146,A,Lincoln
USGS,06752260,2022-07-19,107,A,Lincoln
USGS,06752260,2022-07-20,82.4,A,Lincoln
USGS,06752260,2022-07-21,75.8,A,Lincoln
USGS,06752260,2022-07-22,62.4,A,Lincoln
USGS,06752260,2022-07-23,55.4,A,Lincoln
USGS,06752260,2022-07-24,72,A,Lincoln
USGS,06752260,2022-07-25,66.2,A,Lincoln
USGS,06752260,2022-07-26,44.8,A,Lincoln
USGS,06752260,2022-07-27,24.3,A,Lincoln
USGS,06752260,2022-07-28,88.7,A,Lincoln
USGS,06752260,2022-07-29,91.8,A,Lincoln
USGS,06752260,2022-07-30,47.8,A,Lincoln
USGS,06752260,2022-07-31,12.9,A,Lincoln
USGS,06752260,2022-08-01,30.9,A,Lincoln
USGS,06752260,2022-08-02,35.4,A,Lincoln
USGS,06752260,2022-08-03,22.5,A,Lincoln
USGS,06752260,2022-08-04,17.1,A,Lincoln
USGS,06752260,2022-08-05,9.66,A,Lincoln
USGS,06752260,2022-08-06,41.8,A,Lincoln
USGS,06752260,2022-08-07,47.4,A,Lincoln
USGS,06752260,2022-08-08,15.5,A,Lincoln
USGS,06752260,2022-08-09,9.42,A,Lincoln
USGS,06752260,2022-08-10,8.97,A,Lincoln
USGS,06752260,2022-08-11,8.71,A,Lincoln
USGS,06752260,2022-08-12,10.6,A,Lincoln
USGS,06752260,2022-08-13,18.9,A,Lincoln
USGS,06752260,2022-08-14,43.7,A,Lincoln
USGS,06752260,2022-08-15,61.4,A,Lincoln
USGS,06752260,2022-08-16,191,A,Lincoln
USGS,06752260,2022-08-17,108,A,Lincoln
USGS,06752260,2022-08-18,68.8,A,Lincoln
USGS,06752260,2022-08-19,22.3,A,Lincoln
USGS,06752260,2022-08-20,21,A,Lincoln
USGS,06752260,2022-08-21,21.5,A,Lincoln
USGS,06752260,2022-08-22,54,A,Lincoln
USGS,06752260,2022-08-23,30.3,A,Lincoln
USGS,06752260,2022-08-24,11.6,A,Lincoln
USGS,06752260,2022-08-25,97.9,A,Lincoln
USGS,06752260,2022-08-26,134,A,Lincoln
USGS,06752260,2022-08-27,145,A,Lincoln
USGS,06752260,2022-08-28,137,A,Lincoln
USGS,06752260,2022-08-29,121,A,Lincoln
USGS,06752260,2022-08-30,152,A,Lincoln
USGS,06752260,2022-08-31,159,A,Lincoln
USGS,06752260,2022-09-01,67.6,A,Lincoln
USGS,06752260,2022-09-02,16,A,Lincoln
USGS,06752260,2022-09-03,23.4,A,Lincoln
USGS,06752260,2022-09-04,13.8,A,Lincoln
USGS,06752260,2022-09-05,6.28,A,Lincoln
USGS,06752260,2022-09-06,6.01,A,Lincoln
USGS,06752260,2022-09-07,7.99,A,Lincoln
USGS,06752260,2022-09-08,18.4,A,Lincoln
USGS,06752260,2022-09-09,15,A,Lincoln
USGS,06752260,2022-09-10,17.5,A,Lincoln
USGS,06752260,2022-09-11,26.6,A,Lincoln
USGS,06752260,2022-09-12,35,A,Lincoln
USGS,06752260,2022-09-13,19.2,A,Lincoln
USGS,06752260,2022-09-14,10.3,A,Lincoln
USGS,06752260,2022-09-15,18.3,A,Lincoln
USGS,06752260,2022-09-16,30.5,A,Lincoln
USGS,06752260,2022-09-17,17.9,A,Lincoln
USGS,06752260,2022-09-18,17.9,A,Lincoln
USGS,06752260,2022-09-19,13.9,A,Lincoln
USGS,06752260,2022-09-20,10.1,A,Lincoln
USGS,06752260,2022-09-21,10.9,A,Lincoln
USGS,06752260,2022-09-22,33.7,A,Lincoln
USGS,06752260,2022-09-23,39.2,A,Lincoln
USGS,06752260,2022-09-24,22.4,A,Lincoln
USGS,06752260,2022-09-25,15.8,A,Lincoln
USGS,06752260,2022-09-26,12.8,A,Lincoln
USGS,06752260,2022-09-27,9.11,A,Lincoln
USGS,06752260,2022-09-28,5.32,A,Lincoln
USGS,06752260,2022-09-29,5.95,A,Lincoln
USGS,06752260,2022-09-30,8.69,A,Lincoln
USGS,06752280,2020-10-01,0.64,A,Boxelder
USGS,06752280,2020-10-02,0.69,A,Boxelder
USGS,06752280,2020-10-03,0.53,A,Boxelder
USGS,06752280,2020-10-04,0.44,A,Boxelder
USGS,06752280,2020-10-05,0.5,A,Boxelder
USGS,06752280,2020-10-06,0.66,A,Boxelder
USGS,06752280,2020-10-07,0.84,A,Boxelder
USGS,06752280,2020-10-08,0.9,A,Boxelder
USGS,06752280,2020-10-09,3.47,A,Boxelder
USGS,06752280,2020-10-10,9.6,A,Boxelder
USGS,06752280,2020-10-11,11.7,A,Boxelder
USGS,06752280,2020-10-12,7.4,A,Boxelder
USGS,06752280,2020-10-13,15,A,Boxelder
USGS,06752280,2020-10-14,12.8,A,Boxelder
USGS,06752280,2020-10-15,9.9,A,Boxelder
USGS,06752280,2020-10-16,6.95,A,Boxelder
USGS,06752280,2020-10-17,9.65,A,Boxelder
USGS,06752280,2020-10-18,7.8,A,Boxelder
USGS,06752280,2020-10-19,8.88,A,Boxelder
USGS,06752280,2020-10-20,14,A,Boxelder
USGS,06752280,2020-10-21,13.2,A,Boxelder
USGS,06752280,2020-10-22,11.1,A,Boxelder
USGS,06752280,2020-10-23,51.3,A,Boxelder
USGS,06752280,2020-10-24,244,A,Boxelder
USGS,06752280,2020-10-25,342,A,Boxelder
USGS,06752280,2020-10-26,323,A,Boxelder
USGS,06752280,2020-10-27,326,A,Boxelder
USGS,06752280,2020-10-28,328,A,Boxelder
USGS,06752280,2020-10-29,255,A,Boxelder
USGS,06752280,2020-10-30,138,A,Boxelder
USGS,06752280,2020-10-31,29.4,A,Boxelder
USGS,06752280,2020-11-01,4.95,A,Boxelder
USGS,06752280,2020-11-02,4.18,A,Boxelder
USGS,06752280,2020-11-03,1.54,A,Boxelder
USGS,06752280,2020-11-04,1.77,A,Boxelder
USGS,06752280,2020-11-05,2.02,A,Boxelder
USGS,06752280,2020-11-06,2.1,A,Boxelder
USGS,06752280,2020-11-07,2.06,A,Boxelder
USGS,06752280,2020-11-08,2.21,A,Boxelder
USGS,06752280,2020-11-09,2.22,A,Boxelder
USGS,06752280,2020-11-10,2.1,A,Boxelder
USGS,06752280,2020-11-11,2.21,A,Boxelder
USGS,06752280,2020-11-12,2.09,A,Boxelder
USGS,06752280,2020-11-13,1.99,A,Boxelder
USGS,06752280,2020-11-14,1.93,A,Boxelder
USGS,06752280,2020-11-15,1.96,A,Boxelder
USGS,06752280,2020-11-16,1.93,A,Boxelder
USGS,06752280,2020-11-17,1.86,A,Boxelder
USGS,06752280,2020-11-18,1.89,A,Boxelder
USGS,06752280,2020-11-19,1.92,A,Boxelder
USGS,06752280,2020-11-20,1.82,A,Boxelder
USGS,06752280,2020-11-21,1.77,A,Boxelder
USGS,06752280,2020-11-22,1.88,A,Boxelder
USGS,06752280,2020-11-23,1.89,A,Boxelder
USGS,06752280,2020-11-24,2.08,A,Boxelder
USGS,06752280,2020-11-25,1.9,A,Boxelder
USGS,06752280,2020-11-26,1.85,A,Boxelder
USGS,06752280,2020-11-27,1.77,A,Boxelder
USGS,06752280,2020-11-28,1.73,A e,Boxelder
USGS,06752280,2020-11-29,1.69,A,Boxelder
USGS,06752280,2020-11-30,1.73,A,Boxelder
USGS,06752280,2020-12-01,1.69,A,Boxelder
USGS,06752280,2020-12-02,1.69,A,Boxelder
USGS,06752280,2020-12-03,1.73,A,Boxelder
USGS,06752280,2020-12-04,1.74,A,Boxelder
USGS,06752280,2020-12-05,1.74,A,Boxelder
USGS,06752280,2020-12-06,1.74,A,Boxelder
USGS,06752280,2020-12-07,1.77,A,Boxelder
USGS,06752280,2020-12-08,1.89,A,Boxelder
USGS,06752280,2020-12-09,2.16,A,Boxelder
USGS,06752280,2020-12-10,2.17,A,Boxelder
USGS,06752280,2020-12-11,2.22,A,Boxelder
USGS,06752280,2020-12-12,2.05,A,Boxelder
USGS,06752280,2020-12-13,1.89,A,Boxelder
USGS,06752280,2020-12-14,1.83,A,Boxelder
USGS,06752280,2020-12-15,1.8,A,Boxelder
USGS,06752280,2020-12-16,1.84,A,Boxelder
USGS,06752280,2020-12-17,1.82,A,Boxelder
USGS,06752280,2020-12-18,1.93,A,Boxelder
USGS,06752280,2020-12-19,1.84,A,Boxelder
USGS,06752280,2020-12-20,1.81,A,Boxelder
USGS,06752280,2020-12-21,1.8,A,Boxelder
USGS,06752280,2020-12-22,1.92,A,Boxelder
USGS,06752280,2020-12-23,2.89,A,Boxelder
USGS,06752280,2020-12-24,2.48,A,Boxelder
USGS,06752280,2020-12-25,2.42,A,Boxelder
USGS,06752280,2020-12-26,2.41,A,Boxelder
USGS,06752280,2020-12-27,2.57,A,Boxelder
USGS,06752280,2020-12-28,2.43,A,Boxelder
USGS,06752280,2020-12-29,2.44,A,Boxelder
USGS,06752280,2020-12-30,2.48,A,Boxelder
USGS,06752280,2020-12-31,2.41,A,Boxelder
USGS,06752280,2021-01-01,2.36,A,Boxelder
USGS,06752280,2021-01-02,2.4,A,Boxelder
USGS,06752280,2021-01-03,2.37,A,Boxelder
USGS,06752280,2021-01-04,2.31,A,Boxelder
USGS,06752280,2021-01-05,2.19,A,Boxelder
USGS,06752280,2021-01-06,2.21,A,Boxelder
USGS,06752280,2021-01-07,2.19,A,Boxelder
USGS,06752280,2021-01-08,2.15,A,Boxelder
USGS,06752280,2021-01-09,2.12,A,Boxelder
USGS,06752280,2021-01-10,2.18,A,Boxelder
USGS,06752280,2021-01-11,2.1,A,Boxelder
USGS,06752280,2021-01-12,2,A,Boxelder
USGS,06752280,2021-01-13,1.88,A,Boxelder
USGS,06752280,2021-01-14,1.9,A,Boxelder
USGS,06752280,2021-01-15,3.29,A,Boxelder
USGS,06752280,2021-01-16,2.28,A,Boxelder
USGS,06752280,2021-01-17,2.02,A,Boxelder
USGS,06752280,2021-01-18,2.18,A,Boxelder
USGS,06752280,2021-01-19,2.28,A,Boxelder
USGS,06752280,2021-01-20,2.29,A,Boxelder
USGS,06752280,2021-01-21,2.26,A,Boxelder
USGS,06752280,2021-01-22,2.38,A,Boxelder
USGS,06752280,2021-01-23,2.28,A,Boxelder
USGS,06752280,2021-01-24,2.42,A,Boxelder
USGS,06752280,2021-01-25,2.49,A,Boxelder
USGS,06752280,2021-01-26,2.5,A,Boxelder
USGS,06752280,2021-01-27,2.5,A,Boxelder
USGS,06752280,2021-01-28,2.65,A,Boxelder
USGS,06752280,2021-01-29,3.08,A,Boxelder
USGS,06752280,2021-01-30,3.33,A,Boxelder
USGS,06752280,2021-01-31,3.07,A,Boxelder
USGS,06752280,2021-02-01,2.9,A,Boxelder
USGS,06752280,2021-02-02,2.89,A,Boxelder
USGS,06752280,2021-02-03,2.94,A,Boxelder
USGS,06752280,2021-02-04,3.18,A,Boxelder
USGS,06752280,2021-02-05,3.12,A,Boxelder
USGS,06752280,2021-02-06,2.95,A,Boxelder
USGS,06752280,2021-02-07,3.01,A,Boxelder
USGS,06752280,2021-02-08,2.97,A,Boxelder
USGS,06752280,2021-02-09,2.75,A,Boxelder
USGS,06752280,2021-02-10,2.74,A,Boxelder
USGS,06752280,2021-02-11,2.72,A,Boxelder
USGS,06752280,2021-02-12,2.73,A,Boxelder
USGS,06752280,2021-02-13,3.21,A,Boxelder
USGS,06752280,2021-02-14,5.13,A e,Boxelder
USGS,06752280,2021-02-15,6.31,A e,Boxelder
USGS,06752280,2021-02-16,6.95,A e,Boxelder
USGS,06752280,2021-02-17,5.48,A,Boxelder
USGS,06752280,2021-02-18,5.53,A,Boxelder
USGS,06752280,2021-02-19,5.22,A,Boxelder
USGS,06752280,2021-02-20,4.85,A,Boxelder
USGS,06752280,2021-02-21,5.13,A,Boxelder
USGS,06752280,2021-02-22,4.74,A,Boxelder
USGS,06752280,2021-02-23,4.46,A,Boxelder
USGS,06752280,2021-02-24,5.07,A,Boxelder
USGS,06752280,2021-02-25,6.16,A,Boxelder
USGS,06752280,2021-02-26,6.71,A,Boxelder
USGS,06752280,2021-02-27,6.07,A,Boxelder
USGS,06752280,2021-02-28,5.65,A,Boxelder
USGS,06752280,2021-03-01,5.48,A,Boxelder
USGS,06752280,2021-03-02,4.71,A,Boxelder
USGS,06752280,2021-03-03,4.12,A,Boxelder
USGS,06752280,2021-03-04,4.31,A,Boxelder
USGS,06752280,2021-03-05,4.66,A,Boxelder
USGS,06752280,2021-03-06,3.75,A,Boxelder
USGS,06752280,2021-03-07,3.75,A,Boxelder
USGS,06752280,2021-03-08,3.79,A,Boxelder
USGS,06752280,2021-03-09,4.03,A,Boxelder
USGS,06752280,2021-03-10,4.18,A,Boxelder
USGS,06752280,2021-03-11,4.9,A,Boxelder
USGS,06752280,2021-03-12,5.4,A,Boxelder
USGS,06752280,2021-03-13,8.08,A,Boxelder
USGS,06752280,2021-03-14,13.8,A,Boxelder
USGS,06752280,2021-03-15,9.14,A,Boxelder
USGS,06752280,2021-03-16,9.32,A,Boxelder
USGS,06752280,2021-03-17,11,A,Boxelder
USGS,06752280,2021-03-18,13.9,A,Boxelder
USGS,06752280,2021-03-19,14.9,A,Boxelder
USGS,06752280,2021-03-20,17,A,Boxelder
USGS,06752280,2021-03-21,18.2,A,Boxelder
USGS,06752280,2021-03-22,15.2,A,Boxelder
USGS,06752280,2021-03-23,12.5,A,Boxelder
USGS,06752280,2021-03-24,12.2,A,Boxelder
USGS,06752280,2021-03-25,11.3,A,Boxelder
USGS,06752280,2021-03-26,10.4,A,Boxelder
USGS,06752280,2021-03-27,10.8,A,Boxelder
USGS,06752280,2021-03-28,9.04,A,Boxelder
USGS,06752280,2021-03-29,9.09,A,Boxelder
USGS,06752280,2021-03-30,19.7,A,Boxelder
USGS,06752280,2021-03-31,9.02,A,Boxelder
USGS,06752280,2021-04-01,8.61,A,Boxelder
USGS,06752280,2021-04-02,7.91,A,Boxelder
USGS,06752280,2021-04-03,7.8,A,Boxelder
USGS,06752280,2021-04-04,7.56,A,Boxelder
USGS,06752280,2021-04-05,7.61,A,Boxelder
USGS,06752280,2021-04-06,7.69,A,Boxelder
USGS,06752280,2021-04-07,9.03,A,Boxelder
USGS,06752280,2021-04-08,8.21,A,Boxelder
USGS,06752280,2021-04-09,7.91,A,Boxelder
USGS,06752280,2021-04-10,5.71,A,Boxelder
USGS,06752280,2021-04-11,2.69,A,Boxelder
USGS,06752280,2021-04-12,2.73,A,Boxelder
USGS,06752280,2021-04-13,2.57,A,Boxelder
USGS,06752280,2021-04-14,2.37,A,Boxelder
USGS,06752280,2021-04-15,2.65,A,Boxelder
USGS,06752280,2021-04-16,3.1,A,Boxelder
USGS,06752280,2021-04-17,3.09,A,Boxelder
USGS,06752280,2021-04-18,2.76,A,Boxelder
USGS,06752280,2021-04-19,2.84,A,Boxelder
USGS,06752280,2021-04-20,3.34,A,Boxelder
USGS,06752280,2021-04-21,3.39,A,Boxelder
USGS,06752280,2021-04-22,3.37,A,Boxelder
USGS,06752280,2021-04-23,2.99,A,Boxelder
USGS,06752280,2021-04-24,2.83,A,Boxelder
USGS,06752280,2021-04-25,2.7,A,Boxelder
USGS,06752280,2021-04-26,2.63,A,Boxelder
USGS,06752280,2021-04-27,2.65,A,Boxelder
USGS,06752280,2021-04-28,14.5,A,Boxelder
USGS,06752280,2021-04-29,22.7,A,Boxelder
USGS,06752280,2021-04-30,94.6,A,Boxelder
USGS,06752280,2021-05-01,432,A,Boxelder
USGS,06752280,2021-05-02,537,A,Boxelder
USGS,06752280,2021-05-03,896,A,Boxelder
USGS,06752280,2021-05-04,1260,A,Boxelder
USGS,06752280,2021-05-05,1260,A,Boxelder
USGS,06752280,2021-05-06,1170,A,Boxelder
USGS,06752280,2021-05-07,1150,A,Boxelder
USGS,06752280,2021-05-08,1260,A,Boxelder
USGS,06752280,2021-05-09,1360,A,Boxelder
USGS,06752280,2021-05-10,1220,A,Boxelder
USGS,06752280,2021-05-11,1210,A,Boxelder
USGS,06752280,2021-05-12,1070,A,Boxelder
USGS,06752280,2021-05-13,1080,A,Boxelder
USGS,06752280,2021-05-14,869,A,Boxelder
USGS,06752280,2021-05-15,928,A,Boxelder
USGS,06752280,2021-05-16,1030,A,Boxelder
USGS,06752280,2021-05-17,1160,A,Boxelder
USGS,06752280,2021-05-18,1190,A,Boxelder
USGS,06752280,2021-05-19,1470,A,Boxelder
USGS,06752280,2021-05-20,1080,A,Boxelder
USGS,06752280,2021-05-21,1270,A,Boxelder
USGS,06752280,2021-05-22,1270,A,Boxelder
USGS,06752280,2021-05-23,2090,A,Boxelder
USGS,06752280,2021-05-24,1610,A,Boxelder
USGS,06752280,2021-05-25,1140,A,Boxelder
USGS,06752280,2021-05-26,1060,A,Boxelder
USGS,06752280,2021-05-27,841,A,Boxelder
USGS,06752280,2021-05-28,906,A,Boxelder
USGS,06752280,2021-05-29,928,A,Boxelder
USGS,06752280,2021-05-30,973,A,Boxelder
USGS,06752280,2021-05-31,974,A,Boxelder
USGS,06752280,2021-06-01,936,A,Boxelder
USGS,06752280,2021-06-02,842,A,Boxelder
USGS,06752280,2021-06-03,834,A,Boxelder
USGS,06752280,2021-06-04,1000,A,Boxelder
USGS,06752280,2021-06-05,1170,A,Boxelder
USGS,06752280,2021-06-06,1300,A,Boxelder
USGS,06752280,2021-06-07,1440,A,Boxelder
USGS,06752280,2021-06-08,1440,A,Boxelder
USGS,06752280,2021-06-09,1330,A,Boxelder
USGS,06752280,2021-06-10,1110,A,Boxelder
USGS,06752280,2021-06-11,956,A,Boxelder
USGS,06752280,2021-06-12,653,A,Boxelder
USGS,06752280,2021-06-13,521,A,Boxelder
USGS,06752280,2021-06-14,443,A,Boxelder
USGS,06752280,2021-06-15,437,A,Boxelder
USGS,06752280,2021-06-16,495,A,Boxelder
USGS,06752280,2021-06-17,298,A,Boxelder
USGS,06752280,2021-06-18,238,A,Boxelder
USGS,06752280,2021-06-19,240,A,Boxelder
USGS,06752280,2021-06-20,290,A,Boxelder
USGS,06752280,2021-06-21,298,A,Boxelder
USGS,06752280,2021-06-22,315,A,Boxelder
USGS,06752280,2021-06-23,282,A,Boxelder
USGS,06752280,2021-06-24,246,A,Boxelder
USGS,06752280,2021-06-25,417,A,Boxelder
USGS,06752280,2021-06-26,590,A,Boxelder
USGS,06752280,2021-06-27,466,A,Boxelder
USGS,06752280,2021-06-28,270,A,Boxelder
USGS,06752280,2021-06-29,172,A,Boxelder
USGS,06752280,2021-06-30,140,A,Boxelder
USGS,06752280,2021-07-01,284,A,Boxelder
USGS,06752280,2021-07-02,244,A,Boxelder
USGS,06752280,2021-07-03,70.6,A,Boxelder
USGS,06752280,2021-07-04,86,A,Boxelder
USGS,06752280,2021-07-05,278,A,Boxelder
USGS,06752280,2021-07-06,224,A,Boxelder
USGS,06752280,2021-07-07,153,A,Boxelder
USGS,06752280,2021-07-08,44.4,A,Boxelder
USGS,06752280,2021-07-09,134,A,Boxelder
USGS,06752280,2021-07-10,217,A,Boxelder
USGS,06752280,2021-07-11,106,A,Boxelder
USGS,06752280,2021-07-12,48.9,A,Boxelder
USGS,06752280,2021-07-13,35.9,A,Boxelder
USGS,06752280,2021-07-14,37.3,A,Boxelder
USGS,06752280,2021-07-15,60.4,A,Boxelder
USGS,06752280,2021-07-16,64.1,A,Boxelder
USGS,06752280,2021-07-17,107,A,Boxelder
USGS,06752280,2021-07-18,72.5,A,Boxelder
USGS,06752280,2021-07-19,23.9,A,Boxelder
USGS,06752280,2021-07-20,18.5,A,Boxelder
USGS,06752280,2021-07-21,149,A,Boxelder
USGS,06752280,2021-07-22,29.5,A,Boxelder
USGS,06752280,2021-07-23,125,A,Boxelder
USGS,06752280,2021-07-24,166,A,Boxelder
USGS,06752280,2021-07-25,121,A,Boxelder
USGS,06752280,2021-07-26,81,A,Boxelder
USGS,06752280,2021-07-27,53.1,A,Boxelder
USGS,06752280,2021-07-28,24.7,A,Boxelder
USGS,06752280,2021-07-29,36.4,A,Boxelder
USGS,06752280,2021-07-30,59.8,A,Boxelder
USGS,06752280,2021-07-31,163,A,Boxelder
USGS,06752280,2021-08-01,179,A,Boxelder
USGS,06752280,2021-08-02,62.2,A,Boxelder
USGS,06752280,2021-08-03,145,A,Boxelder
USGS,06752280,2021-08-04,289,A,Boxelder
USGS,06752280,2021-08-05,69.6,A,Boxelder
USGS,06752280,2021-08-06,83.4,A,Boxelder
USGS,06752280,2021-08-07,240,A,Boxelder
USGS,06752280,2021-08-08,165,A,Boxelder
USGS,06752280,2021-08-09,83.4,A,Boxelder
USGS,06752280,2021-08-10,68.9,A,Boxelder
USGS,06752280,2021-08-11,32.2,A,Boxelder
USGS,06752280,2021-08-12,43.2,A,Boxelder
USGS,06752280,2021-08-13,33.1,A,Boxelder
USGS,06752280,2021-08-14,33,A,Boxelder
USGS,06752280,2021-08-15,39.2,A,Boxelder
USGS,06752280,2021-08-16,11,A,Boxelder
USGS,06752280,2021-08-17,27.4,A,Boxelder
USGS,06752280,2021-08-18,17.7,A,Boxelder
USGS,06752280,2021-08-19,12.9,A,Boxelder
USGS,06752280,2021-08-20,77.7,A,Boxelder
USGS,06752280,2021-08-21,68.4,A,Boxelder
USGS,06752280,2021-08-22,51.6,A,Boxelder
USGS,06752280,2021-08-23,7.82,A,Boxelder
USGS,06752280,2021-08-24,11.3,A,Boxelder
USGS,06752280,2021-08-25,9.7,A,Boxelder
USGS,06752280,2021-08-26,19.1,A,Boxelder
USGS,06752280,2021-08-27,15.3,A,Boxelder
USGS,06752280,2021-08-28,19.2,A,Boxelder
USGS,06752280,2021-08-29,5.62,A,Boxelder
USGS,06752280,2021-08-30,1.88,A,Boxelder
USGS,06752280,2021-08-31,2.43,A,Boxelder
USGS,06752280,2021-09-01,2.3,A,Boxelder
USGS,06752280,2021-09-02,12.2,A,Boxelder
USGS,06752280,2021-09-03,17,A,Boxelder
USGS,06752280,2021-09-04,27.2,A,Boxelder
USGS,06752280,2021-09-05,7.18,A,Boxelder
USGS,06752280,2021-09-06,5.4,A,Boxelder
USGS,06752280,2021-09-07,4.62,A,Boxelder
USGS,06752280,2021-09-08,4.17,A,Boxelder
USGS,06752280,2021-09-09,3.86,A,Boxelder
USGS,06752280,2021-09-10,2.82,A,Boxelder
USGS,06752280,2021-09-11,1.9,A,Boxelder
USGS,06752280,2021-09-12,1.72,A,Boxelder
USGS,06752280,2021-09-13,2.99,A,Boxelder
USGS,06752280,2021-09-14,13.7,A,Boxelder
USGS,06752280,2021-09-15,7.14,A,Boxelder
USGS,06752280,2021-09-16,5.75,A,Boxelder
USGS,06752280,2021-09-17,4.64,A,Boxelder
USGS,06752280,2021-09-18,5.07,A,Boxelder
USGS,06752280,2021-09-19,4.5,A,Boxelder
USGS,06752280,2021-09-20,4.13,A,Boxelder
USGS,06752280,2021-09-21,4.68,A,Boxelder
USGS,06752280,2021-09-22,4.08,A,Boxelder
USGS,06752280,2021-09-23,2.85,A,Boxelder
USGS,06752280,2021-09-24,2.43,A,Boxelder
USGS,06752280,2021-09-25,4.56,A,Boxelder
USGS,06752280,2021-09-26,2.81,A,Boxelder
USGS,06752280,2021-09-27,2.52,A,Boxelder
USGS,06752280,2021-09-28,2.29,A,Boxelder
USGS,06752280,2021-09-29,5.07,A,Boxelder
USGS,06752280,2021-09-30,20.2,A,Boxelder
USGS,06752280,2021-10-01,18.8,A,Boxelder
USGS,06752280,2021-10-02,16.8,A,Boxelder
USGS,06752280,2021-10-03,9.43,A,Boxelder
USGS,06752280,2021-10-04,6.98,A,Boxelder
USGS,06752280,2021-10-05,4.21,A,Boxelder
USGS,06752280,2021-10-06,6.28,A,Boxelder
USGS,06752280,2021-10-07,7.61,A,Boxelder
USGS,06752280,2021-10-08,10.4,A,Boxelder
USGS,06752280,2021-10-09,10,A,Boxelder
USGS,06752280,2021-10-10,8.79,A,Boxelder
USGS,06752280,2021-10-11,18,A,Boxelder
USGS,06752280,2021-10-12,2.71,A,Boxelder
USGS,06752280,2021-10-13,6.51,A,Boxelder
USGS,06752280,2021-10-14,2.36,A,Boxelder
USGS,06752280,2021-10-15,8.15,A,Boxelder
USGS,06752280,2021-10-16,19.9,A,Boxelder
USGS,06752280,2021-10-17,13.7,A,Boxelder
USGS,06752280,2021-10-18,11.3,A,Boxelder
USGS,06752280,2021-10-19,6.42,A,Boxelder
USGS,06752280,2021-10-20,9.11,A,Boxelder
USGS,06752280,2021-10-21,9.65,A,Boxelder
USGS,06752280,2021-10-22,10.4,A,Boxelder
USGS,06752280,2021-10-23,12.1,A,Boxelder
USGS,06752280,2021-10-24,12.6,A,Boxelder
USGS,06752280,2021-10-25,13.7,A,Boxelder
USGS,06752280,2021-10-26,15.5,A,Boxelder
USGS,06752280,2021-10-27,18.7,A,Boxelder
USGS,06752280,2021-10-28,14.3,A,Boxelder
USGS,06752280,2021-10-29,9.95,A,Boxelder
USGS,06752280,2021-10-30,49.7,A,Boxelder
USGS,06752280,2021-10-31,99,A,Boxelder
USGS,06752280,2021-11-01,83.8,A,Boxelder
USGS,06752280,2021-11-02,34.6,A,Boxelder
USGS,06752280,2021-11-03,2.45,A,Boxelder
USGS,06752280,2021-11-04,2.52,A,Boxelder
USGS,06752280,2021-11-05,2.69,A,Boxelder
USGS,06752280,2021-11-06,2.8,A,Boxelder
USGS,06752280,2021-11-07,2.97,A,Boxelder
USGS,06752280,2021-11-08,3.08,A,Boxelder
USGS,06752280,2021-11-09,3.28,A,Boxelder
USGS,06752280,2021-11-10,3.39,A,Boxelder
USGS,06752280,2021-11-11,3.46,A,Boxelder
USGS,06752280,2021-11-12,3.41,A,Boxelder
USGS,06752280,2021-11-13,3.64,A,Boxelder
USGS,06752280,2021-11-14,3.68,A,Boxelder
USGS,06752280,2021-11-15,3.7,A,Boxelder
USGS,06752280,2021-11-16,3.89,A,Boxelder
USGS,06752280,2021-11-17,3.79,A,Boxelder
USGS,06752280,2021-11-18,3.89,A,Boxelder
USGS,06752280,2021-11-19,3.86,A,Boxelder
USGS,06752280,2021-11-20,3.92,A,Boxelder
USGS,06752280,2021-11-21,3.74,A,Boxelder
USGS,06752280,2021-11-22,3.59,A,Boxelder
USGS,06752280,2021-11-23,3.62,A,Boxelder
USGS,06752280,2021-11-24,3.42,A,Boxelder
USGS,06752280,2021-11-25,3.35,A,Boxelder
USGS,06752280,2021-11-26,3.5,A,Boxelder
USGS,06752280,2021-11-27,3.35,A,Boxelder
USGS,06752280,2021-11-28,3.27,A,Boxelder
USGS,06752280,2021-11-29,3.23,A,Boxelder
USGS,06752280,2021-11-30,3.2,A,Boxelder
USGS,06752280,2021-12-01,3.33,A,Boxelder
USGS,06752280,2021-12-02,3.28,A,Boxelder
USGS,06752280,2021-12-03,3.24,A,Boxelder
USGS,06752280,2021-12-04,3.35,A,Boxelder
USGS,06752280,2021-12-05,3.31,A,Boxelder
USGS,06752280,2021-12-06,3.31,A,Boxelder
USGS,06752280,2021-12-07,3.55,A,Boxelder
USGS,06752280,2021-12-08,3.49,A,Boxelder
USGS,06752280,2021-12-09,3.57,A,Boxelder
USGS,06752280,2021-12-10,3.58,A,Boxelder
USGS,06752280,2021-12-11,3.51,A,Boxelder
USGS,06752280,2021-12-12,3.54,A,Boxelder
USGS,06752280,2021-12-13,3.53,A,Boxelder
USGS,06752280,2021-12-14,3.53,A,Boxelder
USGS,06752280,2021-12-15,3.84,A,Boxelder
USGS,06752280,2021-12-16,3.88,A,Boxelder
USGS,06752280,2021-12-17,3.61,A,Boxelder
USGS,06752280,2021-12-18,3.37,A,Boxelder
USGS,06752280,2021-12-19,3.32,A,Boxelder
USGS,06752280,2021-12-20,3.36,A,Boxelder
USGS,06752280,2021-12-21,3.32,A,Boxelder
USGS,06752280,2021-12-22,3.56,A,Boxelder
USGS,06752280,2021-12-23,3.75,A,Boxelder
USGS,06752280,2021-12-24,4.06,A,Boxelder
USGS,06752280,2021-12-25,4.16,A,Boxelder
USGS,06752280,2021-12-26,3.84,A,Boxelder
USGS,06752280,2021-12-27,3.72,A,Boxelder
USGS,06752280,2021-12-28,3.81,A,Boxelder
USGS,06752280,2021-12-29,3.58,A,Boxelder
USGS,06752280,2021-12-30,3.41,A,Boxelder
USGS,06752280,2021-12-31,3.44,A,Boxelder
USGS,06752280,2022-01-01,3.62,A,Boxelder
USGS,06752280,2022-01-02,4.28,A e,Boxelder
USGS,06752280,2022-01-03,3.65,A e,Boxelder
USGS,06752280,2022-01-04,4,A,Boxelder
USGS,06752280,2022-01-05,5.44,A,Boxelder
USGS,06752280,2022-01-06,8.59,A,Boxelder
USGS,06752280,2022-01-07,6.38,A,Boxelder
USGS,06752280,2022-01-08,7.43,A,Boxelder
USGS,06752280,2022-01-09,6.02,A,Boxelder
USGS,06752280,2022-01-10,5.64,A,Boxelder
USGS,06752280,2022-01-11,5.34,A,Boxelder
USGS,06752280,2022-01-12,5.37,A,Boxelder
USGS,06752280,2022-01-13,5.51,A e,Boxelder
USGS,06752280,2022-01-14,5.4,A e,Boxelder
USGS,06752280,2022-01-15,5.52,A,Boxelder
USGS,06752280,2022-01-16,5.39,A e,Boxelder
USGS,06752280,2022-01-17,4.49,A e,Boxelder
USGS,06752280,2022-01-18,3.94,A e,Boxelder
USGS,06752280,2022-01-19,3.92,A,Boxelder
USGS,06752280,2022-01-20,3.92,A,Boxelder
USGS,06752280,2022-01-21,3.98,A,Boxelder
USGS,06752280,2022-01-22,4.23,A,Boxelder
USGS,06752280,2022-01-23,3.96,A,Boxelder
USGS,06752280,2022-01-24,3.97,A,Boxelder
USGS,06752280,2022-01-25,4.1,A,Boxelder
USGS,06752280,2022-01-26,4.15,A,Boxelder
USGS,06752280,2022-01-27,3.88,A,Boxelder
USGS,06752280,2022-01-28,4.88,A,Boxelder
USGS,06752280,2022-01-29,4.23,A,Boxelder
USGS,06752280,2022-01-30,4.35,A,Boxelder
USGS,06752280,2022-01-31,4.28,A,Boxelder
USGS,06752280,2022-02-01,4.24,A,Boxelder
USGS,06752280,2022-02-02,6.5,A,Boxelder
USGS,06752280,2022-02-03,4.99,A,Boxelder
USGS,06752280,2022-02-04,6.12,A,Boxelder
USGS,06752280,2022-02-05,6.02,A,Boxelder
USGS,06752280,2022-02-06,5.05,A,Boxelder
USGS,06752280,2022-02-07,4.42,A,Boxelder
USGS,06752280,2022-02-08,3.85,A,Boxelder
USGS,06752280,2022-02-09,3.65,A,Boxelder
USGS,06752280,2022-02-10,3.61,A,Boxelder
USGS,06752280,2022-02-11,3.45,A,Boxelder
USGS,06752280,2022-02-12,3.27,A,Boxelder
USGS,06752280,2022-02-13,3.36,A,Boxelder
USGS,06752280,2022-02-14,3.38,A,Boxelder
USGS,06752280,2022-02-15,5.67,A,Boxelder
USGS,06752280,2022-02-16,10.8,A,Boxelder
USGS,06752280,2022-02-17,8.26,A,Boxelder
USGS,06752280,2022-02-18,8.26,A,Boxelder
USGS,06752280,2022-02-19,11.7,A,Boxelder
USGS,06752280,2022-02-20,11,A,Boxelder
USGS,06752280,2022-02-21,10.8,A,Boxelder
USGS,06752280,2022-02-22,9.08,A,Boxelder
USGS,06752280,2022-02-23,11.4,A,Boxelder
USGS,06752280,2022-02-24,8.6,A,Boxelder
USGS,06752280,2022-02-25,8.82,A,Boxelder
USGS,06752280,2022-02-26,16,A,Boxelder
USGS,06752280,2022-02-27,25.3,A,Boxelder
USGS,06752280,2022-02-28,25.3,A,Boxelder
USGS,06752280,2022-03-01,20,A,Boxelder
USGS,06752280,2022-03-02,26,A,Boxelder
USGS,06752280,2022-03-03,21.4,A,Boxelder
USGS,06752280,2022-03-04,7.76,A,Boxelder
USGS,06752280,2022-03-05,10.4,A,Boxelder
USGS,06752280,2022-03-06,7.83,A,Boxelder
USGS,06752280,2022-03-07,6.91,A,Boxelder
USGS,06752280,2022-03-08,6.46,A,Boxelder
USGS,06752280,2022-03-09,6.13,A,Boxelder
USGS,06752280,2022-03-10,6.17,A,Boxelder
USGS,06752280,2022-03-11,6.09,A,Boxelder
USGS,06752280,2022-03-12,6.2,A,Boxelder
USGS,06752280,2022-03-13,6.69,A,Boxelder
USGS,06752280,2022-03-14,5.71,A,Boxelder
USGS,06752280,2022-03-15,6.06,A,Boxelder
USGS,06752280,2022-03-16,6.38,A,Boxelder
USGS,06752280,2022-03-17,13.4,A,Boxelder
USGS,06752280,2022-03-18,10,A,Boxelder
USGS,06752280,2022-03-19,7.83,A,Boxelder
USGS,06752280,2022-03-20,7.05,A,Boxelder
USGS,06752280,2022-03-21,6.84,A,Boxelder
USGS,06752280,2022-03-22,6.69,A,Boxelder
USGS,06752280,2022-03-23,7.32,A,Boxelder
USGS,06752280,2022-03-24,6.84,A,Boxelder
USGS,06752280,2022-03-25,6.6,A,Boxelder
USGS,06752280,2022-03-26,6.72,A,Boxelder
USGS,06752280,2022-03-27,6.74,A,Boxelder
USGS,06752280,2022-03-28,6.71,A,Boxelder
USGS,06752280,2022-03-29,7.13,A,Boxelder
USGS,06752280,2022-03-30,7.69,A,Boxelder
USGS,06752280,2022-03-31,6.75,A,Boxelder
USGS,06752280,2022-04-01,5.07,A,Boxelder
USGS,06752280,2022-04-02,3.02,A,Boxelder
USGS,06752280,2022-04-03,3,A,Boxelder
USGS,06752280,2022-04-04,3,A,Boxelder
USGS,06752280,2022-04-05,2.92,A,Boxelder
USGS,06752280,2022-04-06,5.84,A,Boxelder
USGS,06752280,2022-04-07,9.44,A,Boxelder
USGS,06752280,2022-04-08,5.66,A,Boxelder
USGS,06752280,2022-04-09,6.19,A,Boxelder
USGS,06752280,2022-04-10,8,A,Boxelder
USGS,06752280,2022-04-11,6.42,A,Boxelder
USGS,06752280,2022-04-12,5.35,A,Boxelder
USGS,06752280,2022-04-13,5.23,A,Boxelder
USGS,06752280,2022-04-14,5.21,A,Boxelder
USGS,06752280,2022-04-15,4.74,A,Boxelder
USGS,06752280,2022-04-16,5.09,A,Boxelder
USGS,06752280,2022-04-17,4.41,A,Boxelder
USGS,06752280,2022-04-18,3.61,A,Boxelder
USGS,06752280,2022-04-19,4.2,A,Boxelder
USGS,06752280,2022-04-20,4.25,A,Boxelder
USGS,06752280,2022-04-21,5.04,A,Boxelder
USGS,06752280,2022-04-22,26,A,Boxelder
USGS,06752280,2022-04-23,26.1,A,Boxelder
USGS,06752280,2022-04-24,22.5,A,Boxelder
USGS,06752280,2022-04-25,35,A,Boxelder
USGS,06752280,2022-04-26,78.1,A,Boxelder
USGS,06752280,2022-04-27,120,A,Boxelder
USGS,06752280,2022-04-28,206,A,Boxelder
USGS,06752280,2022-04-29,115,A,Boxelder
USGS,06752280,2022-04-30,89.2,A,Boxelder
USGS,06752280,2022-05-01,22.5,A,Boxelder
USGS,06752280,2022-05-02,45.4,A,Boxelder
USGS,06752280,2022-05-03,19.4,A,Boxelder
USGS,06752280,2022-05-04,55.8,A,Boxelder
USGS,06752280,2022-05-05,29.1,A,Boxelder
USGS,06752280,2022-05-06,13.2,A,Boxelder
USGS,06752280,2022-05-07,15.7,A,Boxelder
USGS,06752280,2022-05-08,118,A,Boxelder
USGS,06752280,2022-05-09,114,A,Boxelder
USGS,06752280,2022-05-10,40.2,A,Boxelder
USGS,06752280,2022-05-11,368,A,Boxelder
USGS,06752280,2022-05-12,398,A,Boxelder
USGS,06752280,2022-05-13,217,A,Boxelder
USGS,06752280,2022-05-14,195,A,Boxelder
USGS,06752280,2022-05-15,386,A,Boxelder
USGS,06752280,2022-05-16,664,A,Boxelder
USGS,06752280,2022-05-17,542,A,Boxelder
USGS,06752280,2022-05-18,605,A,Boxelder
USGS,06752280,2022-05-19,992,A,Boxelder
USGS,06752280,2022-05-20,989,A,Boxelder
USGS,06752280,2022-05-21,489,A,Boxelder
USGS,06752280,2022-05-22,177,A,Boxelder
USGS,06752280,2022-05-23,183,A,Boxelder
USGS,06752280,2022-05-24,126,A,Boxelder
USGS,06752280,2022-05-25,44.3,A,Boxelder
USGS,06752280,2022-05-26,106,A,Boxelder
USGS,06752280,2022-05-27,191,A,Boxelder
USGS,06752280,2022-05-28,194,A,Boxelder
USGS,06752280,2022-05-29,280,A,Boxelder
USGS,06752280,2022-05-30,190,A,Boxelder
USGS,06752280,2022-05-31,77.6,A,Boxelder
USGS,06752280,2022-06-01,46.6,A,Boxelder
USGS,06752280,2022-06-02,185,A,Boxelder
USGS,06752280,2022-06-03,436,A,Boxelder
USGS,06752280,2022-06-04,594,A,Boxelder
USGS,06752280,2022-06-05,556,A,Boxelder
USGS,06752280,2022-06-06,613,A,Boxelder
USGS,06752280,2022-06-07,890,A,Boxelder
USGS,06752280,2022-06-08,850,A,Boxelder
USGS,06752280,2022-06-09,844,A,Boxelder
USGS,06752280,2022-06-10,1120,A,Boxelder
USGS,06752280,2022-06-11,1250,A,Boxelder
USGS,06752280,2022-06-12,1640,A,Boxelder
USGS,06752280,2022-06-13,1330,A,Boxelder
USGS,06752280,2022-06-14,911,A,Boxelder
USGS,06752280,2022-06-15,513,A,Boxelder
USGS,06752280,2022-06-16,240,A,Boxelder
USGS,06752280,2022-06-17,267,A,Boxelder
USGS,06752280,2022-06-18,562,A,Boxelder
USGS,06752280,2022-06-19,444,A,Boxelder
USGS,06752280,2022-06-20,313,A,Boxelder
USGS,06752280,2022-06-21,151,A,Boxelder
USGS,06752280,2022-06-22,186,A,Boxelder
USGS,06752280,2022-06-23,164,A,Boxelder
USGS,06752280,2022-06-24,154,A,Boxelder
USGS,06752280,2022-06-25,305,A,Boxelder
USGS,06752280,2022-06-26,239,A,Boxelder
USGS,06752280,2022-06-27,266,A,Boxelder
USGS,06752280,2022-06-28,173,A,Boxelder
USGS,06752280,2022-06-29,106,A,Boxelder
USGS,06752280,2022-06-30,95.1,A,Boxelder
USGS,06752280,2022-07-01,111,A,Boxelder
USGS,06752280,2022-07-02,83.8,A,Boxelder
USGS,06752280,2022-07-03,54.6,A,Boxelder
USGS,06752280,2022-07-04,192,A,Boxelder
USGS,06752280,2022-07-05,129,A,Boxelder
USGS,06752280,2022-07-06,171,A,Boxelder
USGS,06752280,2022-07-07,157,A,Boxelder
USGS,06752280,2022-07-08,142,A,Boxelder
USGS,06752280,2022-07-09,162,A,Boxelder
USGS,06752280,2022-07-10,150,A,Boxelder
USGS,06752280,2022-07-11,138,A,Boxelder
USGS,06752280,2022-07-12,122,A,Boxelder
USGS,06752280,2022-07-13,107,A,Boxelder
USGS,06752280,2022-07-14,96.9,A,Boxelder
USGS,06752280,2022-07-15,134,A,Boxelder
USGS,06752280,2022-07-16,261,A,Boxelder
USGS,06752280,2022-07-17,160,A,Boxelder
USGS,06752280,2022-07-18,139,A,Boxelder
USGS,06752280,2022-07-19,105,A,Boxelder
USGS,06752280,2022-07-20,78.1,A,Boxelder
USGS,06752280,2022-07-21,69.4,A,Boxelder
USGS,06752280,2022-07-22,56.9,A,Boxelder
USGS,06752280,2022-07-23,49.4,A,Boxelder
USGS,06752280,2022-07-24,68.4,A,Boxelder
USGS,06752280,2022-07-25,73,A,Boxelder
USGS,06752280,2022-07-26,50.4,A,Boxelder
USGS,06752280,2022-07-27,23.4,A,Boxelder
USGS,06752280,2022-07-28,206,A,Boxelder
USGS,06752280,2022-07-29,119,A,Boxelder
USGS,06752280,2022-07-30,71.8,A,Boxelder
USGS,06752280,2022-07-31,23.9,A,Boxelder
USGS,06752280,2022-08-01,28.9,A,Boxelder
USGS,06752280,2022-08-02,42.6,A,Boxelder
USGS,06752280,2022-08-03,23.1,A,Boxelder
USGS,06752280,2022-08-04,17.5,A,Boxelder
USGS,06752280,2022-08-05,10.9,A,Boxelder
USGS,06752280,2022-08-06,27.6,A,Boxelder
USGS,06752280,2022-08-07,49,A,Boxelder
USGS,06752280,2022-08-08,16.1,A,Boxelder
USGS,06752280,2022-08-09,4.44,A,Boxelder
USGS,06752280,2022-08-10,3.7,A,Boxelder
USGS,06752280,2022-08-11,5.36,A,Boxelder
USGS,06752280,2022-08-12,4.73,A,Boxelder
USGS,06752280,2022-08-13,7.55,A,Boxelder
USGS,06752280,2022-08-14,34.6,A,Boxelder
USGS,06752280,2022-08-15,57.8,A,Boxelder
USGS,06752280,2022-08-16,183,A,Boxelder
USGS,06752280,2022-08-17,112,A,Boxelder
USGS,06752280,2022-08-18,73.2,A,Boxelder
USGS,06752280,2022-08-19,17.1,A,Boxelder
USGS,06752280,2022-08-20,13.6,A,Boxelder
USGS,06752280,2022-08-21,16.1,A,Boxelder
USGS,06752280,2022-08-22,41.1,A,Boxelder
USGS,06752280,2022-08-23,32.9,A,Boxelder
USGS,06752280,2022-08-24,9.82,A,Boxelder
USGS,06752280,2022-08-25,74.5,A,Boxelder
USGS,06752280,2022-08-26,135,A e,Boxelder
USGS,06752280,2022-08-27,143,A e,Boxelder
USGS,06752280,2022-08-28,148,A e,Boxelder
USGS,06752280,2022-08-29,123,A e,Boxelder
USGS,06752280,2022-08-30,142,A e,Boxelder
USGS,06752280,2022-08-31,157,A e,Boxelder
USGS,06752280,2022-09-01,83.9,A e,Boxelder
USGS,06752280,2022-09-02,4.85,A,Boxelder
USGS,06752280,2022-09-03,21.7,A,Boxelder
USGS,06752280,2022-09-04,10,A,Boxelder
USGS,06752280,2022-09-05,4.71,A,Boxelder
USGS,06752280,2022-09-06,3.12,A,Boxelder
USGS,06752280,2022-09-07,2,A,Boxelder
USGS,06752280,2022-09-08,10.7,A,Boxelder
USGS,06752280,2022-09-09,12.7,A,Boxelder
USGS,06752280,2022-09-10,31.4,A,Boxelder
USGS,06752280,2022-09-11,23.7,A,Boxelder
USGS,06752280,2022-09-12,33.1,A,Boxelder
USGS,06752280,2022-09-13,18.6,A,Boxelder
USGS,06752280,2022-09-14,9.82,A,Boxelder
USGS,06752280,2022-09-15,17.3,A,Boxelder
USGS,06752280,2022-09-16,33.1,A,Boxelder
USGS,06752280,2022-09-17,19.6,A,Boxelder
USGS,06752280,2022-09-18,17.6,A,Boxelder
USGS,06752280,2022-09-19,16.5,A,Boxelder
USGS,06752280,2022-09-20,11.7,A,Boxelder
USGS,06752280,2022-09-21,16.4,A,Boxelder
USGS,06752280,2022-09-22,48.9,A,Boxelder
USGS,06752280,2022-09-23,51,A,Boxelder
USGS,06752280,2022-09-24,28.6,A,Boxelder
USGS,06752280,2022-09-25,20.4,A,Boxelder
USGS,06752280,2022-09-26,14.2,A,Boxelder
USGS,06752280,2022-09-27,10.4,A,Boxelder
USGS,06752280,2022-09-28,4.91,A,Boxelder
USGS,06752280,2022-09-29,3.1,A,Boxelder
USGS,06752280,2022-09-30,6.76,A,Boxelder
